<?xml version="1.0" encoding="UTF-8"?>
<project-private xmlns="http://www.netbeans.org/ns/project-private/1">
    <editor-bookmarks xmlns="http://www.netbeans.org/ns/editor-bookmarks/2" lastBookmarkId="0"/>
    <open-files xmlns="http://www.netbeans.org/ns/projectui-open-files/2">
        <group>
            <file>file:/C:/Users/Vidya/Documents/NetBeansProjects/SchoolBus%20Management/src/student.java</file>
            <file>file:/C:/Users/Vidya/Documents/NetBeansProjects/SchoolBus%20Management/src/Busadd.java</file>
            <file>file:/C:/Users/Vidya/Documents/NetBeansProjects/SchoolBus%20Management/src/MainForm.java</file>
            <file>file:/C:/Users/Vidya/Documents/NetBeansProjects/SchoolBus%20Management/src/Bus.java</file>
            <file>file:/C:/Users/Vidya/Documents/NetBeansProjects/SchoolBus%20Management/src/addEmpForm.java</file>
            <file>file:/C:/Users/Vidya/Documents/NetBeansProjects/SchoolBus%20Management/src/login.java</file>
            <file>file:/C:/Users/Vidya/Documents/NetBeansProjects/SchoolBus%20Management/src/employee.java</file>
        </group>
    </open-files>
</project-private>
